{
  "valid": true,
  "army": "air",
  "type": "su_27",
  "speed": 324.072662,
  "pedals": 0.019309,
  "pedals1": 0.019309,
  "pedals2": 0.019309,
  "pedals3": 0.019309,
  "pedals4": 0.019309,
  "pedals5": 0.019309,
  "pedals6": 0.019309,
  "pedals7": 0.019309,
  "pedals8": 0.019309,
  "stick_elevator": -0.131431,
  "stick_ailerons": -0.004814,
  "vario": 59.258518,
  "altitude_min": 406.84082,
  "altitude_10k": 5406.84082,
  "altitude1_10k": 5406.84082,
  "radio_altitude": 4991.838867,
  "aviahorizon_roll": 74.944702,
  "aviahorizon_pitch": -7.785368,
  "bank": -5.995347,
  "bank1": -5.995347,
  "turn": -0.009846,
  "compass": 116.897522,
  "compass1": 116.897522,
  "clock_hour": 7.95,
  "clock_min": 57,
  "clock_sec": 41,
  "rpm": 8254.21875,
  "rpm1": 8254.21875,
  "water_temperature": 893.237549,
  "water_temperature1": 893.237549,
  "water_temperature_min": 893.237549,
  "water_temperature1_min": 893.237549,
  "fuel": 3316.577148,
  "fuel1": 3316.577148,
  "airbrake_lever": 0,
  "airbrake_indicator": 0,
  "gears": 0.5,
  "gear_lamp_down": 0,
  "gear_lamp_up": 0,
  "gear_lamp_off": 0,
  "flaps": 0.5,
  "flaps1": 0.5,
  "throttle": 1,
  "throttle1": 1,
  "weapon2": 0,
  "weapon4": 0,
  "flaps_indicator": 0,
  "flaps_indicator1": 0,
  "mach": 1.336401,
  "mach1": 1.336401,
  "g_meter": 1.20768,
  "g_meter_min": -3.032112,
  "g_meter_max": 10.932709,
  "aoa": -1.287449,
  "blister1": 0,
  "blister2": 0,
  "blister3": 0,
  "blister4": 0,
  "blister5": 0,
  "blister6": 0,
  "blister7": 0,
  "blister11": 0
}